m,x,y,z,vx,vy,vz
1.9884754159566474e+30,0.0,0.0,0.0,0.0,0.0,0.0
3.301109449002709e+23,53845228981.94071,-8336411131.398741,-5618026911.526086,-1975.9000850429586,50314.98742233848,4294.006004069357
4.867466257521635e+24,-74819076973.01857,-78178757540.31764,3239017929.1908274,25055.532725825386,-24378.68789399401,-1781.2369781425425
5.972365262433514e+24,-80673651569.033,123180894403.54268,-10314654.843691826,-25394.048132254637,-16437.001484012064,0.6846259209110241
7.346031390779777e+22,-80517228374.84773,123553790057.18742,-12910106.783056289,-26275.957036867487,-16044.22705233068,87.13043438688695
6.417120205436417e+23,-88193364785.4609,225245075295.39468,6882106318.374728,-21646.584648559492,-6771.463664851069,388.17481201747506
1.8981871943454438e+27,-805184767183.9039,108264945573.45813,17565050758.87381,-1900.7820078831285,-12357.300967127427,93.95927574975266
5.683361026390224e+26,-1420413905452.166,-146700119260.54776,59098740497.324615,469.10006828879216,-9638.114761601379,149.06393657895967
8.681273407389496e+25,-1425714721849.2812,2387301708697.3384,27304860936.029987,-5900.597495980696,-3824.8095649321995,62.321594391990246
1.0241261669693524e+26,3772216201866.8115,2374541673872.2334,-135994918756.56139,-2931.1567577295023,4617.897489605652,-28.10758110732531
0.0,102640235359.73352,-266009509673.91492,6052668419.993047,12019.635018787076,20488.86722611065,746.6133857996626
0.0,80609009988.10326,-302124695387.58453,4681644195.41853,12778.713314334023,17914.080231418637,790.3193571159287
0.0,74825214448.3643,-310599769318.67365,4321016675.565337,12910.425431952097,17319.61101531613,797.6096120441663
0.0,-37892695555.532295,-430347044197.0757,-2524366897.316814,13188.932843376519,9229.50032484066,783.3174833381073
0.0,26287608908.98824,-370697908634.1967,1316535811.322989,13400.401561162213,13204.410358569754,817.431968787254
0.0,143860627891.06644,279542104.2660775,8509558978.1349945,-11024.968544295416,36664.17650091209,-625.9828834928841
0.0,80561637827.43018,-302095000311.6457,4682676122.459555,12782.088773630305,17914.605419590855,791.0946623774161
0.0,42161469171.712585,-352814645920.79254,2293247250.0314097,13333.302918687745,14411.310756292154,817.2458569337062
0.0,94836902794.54903,-279608880916.9354,5568771342.663155,12344.325101498072,19510.976375519058,765.5164059563652
0.0,-100322847462.62666,-473161774399.84393,-5071665297.425652,12611.637648163201,6281.68632250862,610.1415836391735
0.0,73780239133.71687,-312094927853.0513,4255932712.536984,12931.904617304868,17215.13948933555,798.7825952480225
0.0,143633316044.18814,-165018656355.8162,8577799884.7294,7711.710007966618,27971.362976779645,487.6709127838161
0.0,64708507937.933334,-324649132404.6306,3691846059.3306017,13092.063739410227,16342.795895866739,807.314456887693
0.0,70067236059.262,-317323516792.49915,4024861479.222222,13002.94834898103,16850.772394761756,802.6149948396084
0.0,35935184331.31302,-360007750344.2945,1909168236.7613025,13367.844553129271,13924.39046680224,817.8890419807616
0.0,93919859679.25139,-281143262910.09766,5511788122.584948,12377.897953722415,19401.33034315392,767.4561618766083
0.0,31581678264.589314,-364897808196.83075,1641325766.5601783,13385.500681587342,13594.534725510333,817.893174905072
0.0,84104304653.81125,-296828661650.327,4899854388.148184,12687.662091156173,18287.459235269456,785.1967462219523
0.0,63118624807.62454,-326775021973.0216,3593151445.640277,13115.69312301953,16195.927235917497,808.5332861709034
0.0,75970769785.36238,-308845350672.3216,4395092918.834848,12888.474543757797,17440.623359569545,796.7992745484221
0.0,73828929311.36867,-312025577785.83795,4258963916.049965,12930.916893257174,17219.983768333055,798.7287183265765
0.0,86553036000.13953,-293033466846.2614,5052746909.4269905,12618.226891075277,18555.86983332491,781.2536454859086
0.0,67013554133.66046,-321528839866.5835,3835026127.202774,13055.576059883007,16558.80504749824,805.4056765259039
0.0,85293889284.03725,-294994026903.6896,4974130534.691613,12654.534024048911,18417.12567433073,783.318826800568
0.0,73395008649.67258,-312643537168.86224,4231946702.8305526,12939.652490975292,17176.838428711042,799.2035731426736
0.0,88465076107.20528,-290018121416.2789,5172072200.87343,12560.561941680791,18769.61422779714,777.9609530712833
0.0,37552222709.7464,-358162671611.3546,2008810803.7983346,13359.961745025978,14049.08855588171,817.7974354917026
0.0,90601046735.58144,-286592670596.57135,5305250254.109672,12492.360468359882,19012.9612117741,774.0507230965538
0.0,99624227903.9399,-271385203260.91437,5865754093.868522,12153.955010084243,20100.996337068693,754.4612096292783
0.0,79846921358.29477,-303261407802.4307,4634093179.916216,12797.372745316456,17834.126020128046,791.3635241530842
0.0,88845338743.70132,-289412751971.6083,5195790082.652122,12548.719140923045,18812.57803175348,777.2819672359277
0.0,51158491582.35558,-341974284796.59406,2850038982.056295,13261.635853856595,15149.325842156888,814.8448594986015
0.0,28247440573.036884,-368569046053.8655,1436644865.765031,13395.688550794574,13347.468364871433,817.6647182953388
0.0,69049513621.37775,-318734305780.2587,3961571990.181913,13021.049190370935,16752.715479122675,803.5795091611093
0.0,97865139413.36194,-274449699098.68417,5756699421.796916,12226.98633999831,19880.65635227579,758.7119394033101
0.0,110554334913.85902,-251092985393.20456,6543055151.274132,11603.617155805166,21573.55247201803,722.0552138009623
0.0,71937631599.7238,-314705875783.91943,4141229174.7561507,12968.165355697569,17033.001024565638,800.7475148969777
0.0,-2222877534.3420267,-399477872335.71027,-373676840.6433548,13378.845036214132,11281.951540805683,806.1464895172523
0.0,130324308015.70705,34728864385.590164,7669578479.517921,-17391.991991953273,35842.66217975385,-994.9871948894188
0.0,65411836969.74087,-323701883441.7177,3735525855.993253,13081.215621374755,16408.315155348908,806.747965956995
0.0,152244824089.29703,-121664881552.02258,9091156011.279032,4514.30023595166,31116.532020502993,294.99542582550686
0.0,59412880169.64767,-331649657920.1789,3363292131.0313816,13166.156013846208,15860.069216533051,811.0930068129754
0.0,122334750096.32568,-226133825548.30722,7272252393.664693,10754.187428896374,23412.009483917536,671.278332802464
0.0,57354652648.87319,-334310041520.78723,3235729329.62449,13191.538480106023,15677.29744131609,812.352318431127
0.0,64612055662.196434,-324778676368.55444,3685857205.5310388,13093.533290217538,16333.838677886286,807.3895896673129
0.0,76429497395.81447,-308283317515.3147,4420979346.47398,12876.116603427552,17481.71007538898,795.7277458022397
0.0,126359930887.11485,-216597043378.19693,7520656252.806136,10374.739199985,24120.662540928297,648.4489990884601
0.0,85866240468.04028,-294105272502.68933,5009868327.696451,12638.190715710583,18479.99828475908,782.3903951332456
0.0,67323748273.4346,-321105477831.69495,3854299764.00773,13050.456527859378,16588.15502464845,805.1357293961399
0.0,91019913176.07637,-285913561914.1253,5331347134.271451,12478.498976258848,19061.274556295848,773.2548049753439
0.0,97849884503.45605,-274476074704.65405,5755755814.128965,12227.602813682994,19878.762728839294,758.7486876293949
0.0,77383164630.20514,-306894073861.69354,4480427936.390238,12854.932366889838,17579.066356123272,794.5607837787568
0.0,-57567926874.81099,-445369353777.7318,-3653667091.6571007,13028.07359501574,8216.097097336296,764.2353311702029
0.0,115035224291.41507,-242043756553.91425,6820666636.342785,11318.671868028216,22237.01898379222,705.0929120421281
0.0,72133164961.10216,-314430300563.3429,4153396875.4437013,12964.413797463661,17052.206679510327,800.5441963093181
0.0,87983366550.08707,-290782226190.39575,5142018075.416878,12575.384392533462,18715.409188846,778.808278060001
0.0,68158244030.56146,-319962207559.65344,3906163377.8123503,13036.434933917126,16667.46031998115,804.396332624217
0.0,151916763033.33557,-119113521573.39998,6976528088.678611,4399.6946870895,31348.945650917994,219.2799977592693
0.0,97403157683.19458,-275246134043.8956,5728059906.883143,12245.555289551134,19823.48458768541,759.7934862253821
0.0,87067159127.50706,-292227218661.4385,5084837775.235084,12603.027587208415,18612.978052876555,780.3859681363944
0.0,84868784564.06308,-295651637767.79553,4947589823.031172,12666.501011233911,18370.62955252631,783.9972519188356
0.0,44717767827.53627,-349789987168.0939,2451242357.890377,13315.700941140944,14616.702897612902,816.747028704421
0.0,144569257990.18225,-161365541120.7328,8634573223.635881,7479.318111501701,28242.322361843366,473.6517503397421
0.0,102556740796.09338,-266160399226.66412,6047462016.950994,12023.518806822649,20477.956194341125,746.8348655023121
0.0,104442998805.94966,-262719174256.9082,6164364989.993048,11933.426885499695,20727.098676625414,741.5510263858306
0.0,154460467660.54028,-57780898966.75289,9191902871.833582,-2267.1960874088236,35042.75326048035,-110.17426857206506
0.0,70661348355.65976,-316495538987.68677,4061816803.614163,12992.116264278393,16908.371313834097,802.0346157496124
0.0,94479702235.78964,-280208001759.1404,5546580541.383026,12357.507471039442,19468.14702279573,766.2784841253529
0.0,101343917597.27792,-268339341791.34546,5972335152.896483,12078.83349150352,20320.554457622147,750.0771957920466
0.0,64141039335.83839,-325410367806.2581,3656614942.001678,13100.638290786106,16290.177791393875,807.7582993223508
0.0,153515312874.2594,-110963685689.66829,9164104516.87206,3564.329544847702,31854.825661721577,237.94392335429782
0.0,73324571124.6189,-312743638642.4923,4227562335.9797387,12941.060657110887,17169.850789029202,799.2800126515313
0.0,68218379588.16016,-319879663129.49176,3909902011.9191318,13035.408460359047,16673.190246868264,804.3418981658295
0.0,120109374571.89262,-231156934865.92596,7134726177.180445,10941.438184376584,23039.972772273446,682.5217014959848
0.0,114948368863.20532,-242223890313.12817,6815277640.797463,11324.59290326502,22223.775357385814,705.4450163467251
0.0,108795080216.34157,-254519077241.1698,6434074832.794336,11704.96106368284,21323.387368845324,728.070170455436
0.0,65036342605.98675,-324208084640.1283,3712206045.658212,13087.039112945144,16373.295347511956,807.0514788853251
0.0,82618520857.93736,-299096780682.0393,4807082822.159058,12727.488083703767,18127.38158514283,787.445335143551
0.0,73889001286.80748,-311939851263.6855,4262706561.3686895,12929.699252114466,17225.970224455825,798.6630470213667
0.0,95733869147.62561,85719179186.12927,5572726349.479874,-27620.777627516756,30329.824155502454,-1569.9987362703723
0.0,60638487898.62639,-330049641562.20715,3439283214.7227354,13150.161162398703,15970.16951807298,810.28856101217
0.0,88456251536.15926,-290032158398.1457,5171522917.876801,12560.834892509598,18768.618429176135,777.9771651930363
0.0,82675362841.2065,-299010517902.9655,4810634199.655749,12725.994703959179,18133.465625802208,787.3616285429289
0.0,80319626111.46188,-302456483263.96606,4667497472.82402,12788.059275997166,17889.163779170045,791.4165134375008
0.0,83183332083.5383,-298237570476.7383,4842345124.093217,12712.548127613984,18187.99248852864,786.6019729005288
0.0,20645739667.647774,-376711216308.2099,971790142.7035128,13408.9765416547,12801.105676661547,816.4024705856042
0.0,86424458554.08696,-293234544999.6524,5044720710.639841,12621.994433545982,18541.631367348713,781.4684316757283
0.0,12929076448.817814,-384672390520.06036,503727374.5921872,13409.604895177632,12268.707126726269,814.1130161362689
0.0,120450927699.82994,-230396600436.58328,7155841759.550544,10913.638510513254,23096.22766019291,680.8534783009275
0.0,82339796426.86786,-299519486634.1142,4789683818.40144,12734.771095034454,18097.576744344053,787.8558028603743
0.0,121114589399.17769,-228908339254.8527,7196865915.293706,10858.667205845311,23206.40191526489,677.5540371868773
0.0,-86867329021.03012,-466034664510.2681,-5259041195.456939,12722.202115238117,6837.3661072552595,729.4525964798108
0.0,152866279254.20816,-116792354287.7504,9127119462.563622,4090.2705912531933,31455.347544429053,269.52043676046605
0.0,134506074513.26826,-195023614159.69144,8021626083.455616,9393.176884384262,25731.453492644847,589.2456575211334
0.0,95907937462.54999,-277800565848.9618,5635272616.420433,12303.98634534659,19640.371453461405,763.1807005134433
0.0,96116163660.84116,-277446898502.41327,5648186904.887579,12296.000052544534,19665.70028402399,762.7157728265839
0.0,77314155151.64374,-306994921572.4165,4476125347.60117,12856.485677026734,17571.995476160002,794.644864142242
0.0,66815888137.99271,-321798237316.1466,3822742231.2131376,13058.810648510045,16540.135053094167,805.5766450655887
0.0,103567891926.91716,-264323826541.65616,6110124894.087274,11975.854075579491,20610.839707403968,744.0408745758782
0.0,72771931272.57254,107360195986.69579,4205422312.2216396,-31642.046462295948,25725.74100681846,-1779.8013808520461
0.0,-26571381394.37312,150416588127.23584,-1378323167.8714974,-36449.891822704805,7195.97084979152,-2161.9186900618256
0.0,-26598985824.972538,150422042321.15076,-1379962464.5365114,-36449.13471679542,7191.717244611455,-2161.8751546576104
0.0,-26611566731.20076,150424524935.03793,-1380708043.196555,-36448.7895097086,7189.779627942363,-2161.8571568845086
0.0,-26535513302.83304,150409509293.82974,-1376198231.4014392,-36450.87278020034,7201.499306768949,-2161.971020155856
0.0,-26527195780.060986,150407864884.01965,-1375704749.7842517,-36451.100392518594,7202.781438544638,-2161.9838268846247
0.0,-26548062625.91293,150411991490.3833,-1376943412.990772,-36450.52872031167,7199.565879472032,-2161.953232703327
0.0,-26488552319.16076,150400229531.214,-1373414361.6042745,-36452.15597354817,7208.738901655847,-2162.041214721007
0.0,-26522102515.49687,150406862302.6466,-1375403546.8450933,-36451.23951677411,7203.564641477356,-2161.9902257600493
0.0,-26578587324.878395,150418013140.61386,-1378751634.60089,-36449.69411192039,7194.860230703613,-2161.9078183176725
0.0,-26541407189.66688,150410674199.16898,-1376547854.4734602,-36450.71150862289,7200.590520366153,-2161.9624577158697
0.0,-26614129311.11985,150425022561.01407,-1380857767.8376374,-36448.720022828165,7189.386538256832,-2161.854725020594
0.0,-26553591469.551037,150413083608.56805,-1377271253.3498635,-36450.37802482568,7198.710965482229,-2161.9434597906784
0.0,-26640518146.279053,150430217982.58292,-1382419782.8085778,-36447.99755251287,7185.319678797218,-2161.8165923660486
0.0,-26624067542.273457,150426987401.02356,-1381447950.2683697,-36448.44704548022,7187.853888467625,-2161.8393878634415
0.0,-26524401816.14854,150407315904.58493,-1375540231.6270845,-36451.176561935725,7203.211136945299,-2161.987105199149
0.0,-26579571606.665787,150418210434.8478,-1378810682.707425,-36449.66685942695,7194.707834727193,-2161.905852912441
0.0,-26525768091.498646,150407584902.06213,-1375620607.1445806,-36451.13944126105,7202.999999642516,-2161.985348389885
0.0,-26592700274.42602,150420798606.6108,-1379588397.1081893,-36449.30713564844,7192.6870338342005,-2161.886649081734
0.0,-26645896911.79215,150431283286.42096,-1382740669.8600168,-36447.84935107902,7184.490388017208,-2161.8075501133867
0.0,-26495112735.980465,150401524878.09586,-1373803003.9433274,-36451.97735268355,7207.725834779386,-2162.031889470695
0.0,-26614025588.59525,150425000592.8462,-1380851065.727701,-36448.72365678571,7189.399877490098,-2161.854257149545
0.0,-26588868460.360916,150420041325.895,-1379360622.6634412,-36449.412514891475,7193.276544273132,-2161.891970357931
0.0,-26633122512.946323,150428772657.12817,-1381985570.361844,-36448.198320965916,7186.4606574902755,-2161.8258059525274
0.0,-26590779629.22546,150420413485.10364,-1379472689.256867,-36449.36072997312,7192.983055749574,-2161.8888834511395
0.0,-26615121370.0528,150425221456.70557,-1380917184.8210344,-36448.692796596915,7189.23141690828,-2161.852839721668
0.0,-26586160366.394623,150419506452.23193,-1379199678.3901575,-36449.48684482943,7193.693656249317,-2161.895531570936
0.0,-26523843017.00926,150407205853.7251,-1375506970.7564554,-36451.191692230976,7203.29765198672,-2161.9882318879913
0.0,-26583407024.83544,150418966518.76175,-1379037497.2099385,-36449.561938699066,7194.116744342072,-2161.9003024898752
0.0,-26573939350.279266,150417101515.92325,-1378477527.7028642,-36449.82027899247,7195.577955726638,-2161.91386802899
0.0,-26600482324.67035,150422333522.7036,-1380049898.1100159,-36449.09423818554,7191.486613941939,-2161.874499811053
0.0,-26585647328.97338,150419409725.9879,-1379170740.3647408,-36449.50012898189,7193.773234686171,-2161.8958428964083
0.0,-26517763801.85117,150406002324.60733,-1375146271.1616561,-36451.358028998045,7204.235729227283,-2161.9975614983778
0.0,-26526692278.899643,150407763719.0753,-1375673908.0436187,-36451.11457244528,7202.858200414167,-2161.984825037953
0.0,-26626988372.899452,150427560985.2773,-1381621399.5605948,-36448.36705256335,7187.405183192469,-2161.834747712214
0.0,-26575563538.896633,150417423026.89392,-1378574010.1711733,-36449.77578474705,7195.327023988962,-2161.9114368730743
0.0,-26565842948.98111,150415508143.60376,-1377999452.7877965,-36450.0412481115,7196.825653462902,-2161.9254295391834
0.0,-26618917823.33524,150425970736.44592,-1381142912.2796254,-36448.58842478334,7188.647104184704,-2161.8481916461033
0.0,-26532368685.1583,150408888161.41046,-1376012219.7353833,-36450.95879049714,7201.983944559556,-2161.975611265304
0.0,-26547444209.942394,150411871949.3715,-1376907358.9309287,-36450.54546439955,7199.660236871245,-2161.9536011490354
0.0,-26638217414.50627,150429776657.57266,-1382287534.0451193,-36448.0588824814,7185.674344999922,-2161.8180167177115
0.0,-26551353696.12524,150412642541.2336,-1377138491.6784446,-36450.439048144195,7199.056251191815,-2161.9469558633946
0.0,-26659293909.61155,150433929341.4644,-1383536392.8904743,-36447.48065157471,7182.426882623064,-2161.7872764622316
0.0,-26560089370.164967,150414365300.71838,-1377655863.5395648,-36450.20008456292,7197.710893452742,-2161.934322343713
0.0,-26667259854.9865,150435493176.49036,-1384007682.31379,-36447.26260795275,7181.201000385839,-2161.7743450110775
0.0,-26640833646.687386,150430282811.63757,-1382439684.9796615,-36447.988402854244,7185.27183086121,-2161.815055482195
0.0,-26607789459.76922,150423778513.8855,-1380484018.2051406,-36448.89318990841,7190.361907955469,-2161.86326402995
0.0,-26558570375.825592,150414067056.14053,-1377567051.277252,-36450.2410617099,7197.94680964996,-2161.9363148935035
0.0,-26589898240.753555,150420239634.95032,-1379420423.3486958,-36449.38499468189,7193.118145546401,-2161.8904818578967
0.0,-26632174239.334732,150428584811.31448,-1381928848.972877,-36448.224822048884,7186.6052910476865,-2161.826184169826
0.0,-26582884638.99831,150418862385.48004,-1379005814.2255485,-36449.576128455614,7194.198548969191,-2161.9014566620353
0.0,-26575581120.09726,150417421411.28128,-1378573419.721804,-36449.77617290385,7195.323894663868,-2161.911348317231
0.0,-26605650933.582634,150423351487.47037,-1380354929.0251281,-36448.95269077396,7190.690816289502,-2161.8670755506328
0.0,-26536822463.283028,150409770702.76883,-1376276388.320805,-36450.837155565336,7201.294637754814,-2161.9683248919073
0.0,-26563366052.404182,150415013895.33038,-1377850665.182703,-36450.10991588049,7197.206979271583,-2161.929554558798
0.0,-26618390687.17299,150425866716.66827,-1381112382.1499112,-36448.60270574865,7188.729423240632,-2161.848414440414
0.0,-26586820660.75622,150419639489.55447,-1379239897.3599665,-36449.46830652339,7193.5919858867865,-2161.894766857447
0.0,-26629633863.697285,150428078861.35806,-1381776991.8922539,-36448.295171487494,7186.996942428602,-2161.8311297391056
0.0,-26543257926.379597,150411044363.0524,-1376659353.7940736,-36450.66025019408,7200.304872065125,-2161.95961183215
0.0,-26575995324.199596,150417503215.7002,-1378597649.6309376,-36449.7644305549,7195.261560694891,-2161.9123473655945
0.0,-26588108345.493305,150419897758.30435,-1379317432.525034,-36449.4321128564,7193.395025204792,-2161.8926308069326
0.0,-26591468043.826286,150420558829.15814,-1379516266.1105008,-36449.34074207613,7192.875242262503,-2161.8879673677948
0.0,-26521000447.426132,150406647150.9844,-1375339775.3411186,-36451.26892424636,7203.735900243679,-2161.992660695549
0.0,-26553345100.423046,150413026136.09232,-1377253269.5216932,-36450.38573775771,7198.750492323794,-2161.9451628253883
0.0,-26571452507.627144,150416611902.60672,-1378331564.7993135,-36449.88847248046,7195.960041505221,-2161.9164815140057
0.0,-26569973612.02757,150416312827.12955,-1378241112.194797,-36449.92993286239,7196.188099371096,-2161.9204260174633
0.0,-26549330986.4047,150412242223.62506,-1377017683.5399299,-36450.49454816948,7199.367857100669,-2161.9501729135586
0.0,-26622396196.641994,150426660880.1154,-1381349696.1145434,-36448.49235820462,7188.111794436856,-2161.8414896638487
0.0,-26578954436.57569,150418088612.64587,-1378773698.4108362,-36449.68330780328,7194.805148717366,-2161.9071424965114
0.0,-26572448603.050827,150416803628.30676,-1378387677.5193262,-36449.8617618632,7195.8070659500545,-2161.916439323163
0.0,-26642417343.54073,150430595761.2655,-1382533267.141819,-36447.94511022077,7185.026147789418,-2161.8135483714605
0.0,-26550942736.48704,150412563439.14307,-1377114084.2745197,-36450.45007806426,7199.118969589759,-2161.947961597763
0.0,-26615292211.257343,150425256477.25336,-1380928307.4512064,-36448.68762308061,7189.206344577289,-2161.8532262966683
0.0,-26629472677.096188,150428047936.7703,-1381767590.1064448,-36448.299980894895,7187.01922957102,-2161.8310843396325
0.0,-26561005690.251484,150414542333.20993,-1377708730.0908227,-36450.175560535405,7197.569684926263,-2161.933590850244
0.0,-26563414907.426064,150415024398.5888,-1377853902.4533043,-36450.10859583662,7197.198881443842,-2161.9288565875827
0.0,-26566938905.28027,150415713408.49673,-1378059803.2104282,-36450.013107390405,7196.65574549829,-2161.924511295905
0.0,-26639433422.383453,150430014813.7642,-1382358905.555045,-36448.025521195734,7185.488095427546,-2161.8165333483453
0.0,-26595247497.01048,150421299129.98624,-1379738980.9549422,-36449.23763465622,7192.294732009321,-2161.882533674004
0.0,-26613866965.85185,150424970316.88608,-1380841750.9993021,-36448.72757505168,7189.425453133547,-2161.855377616204
0.0,-26546524920.289654,150411682171.94986,-1376850431.4955828,-36450.571770384515,7199.802488011415,-2161.9549724208723
0.0,-26654717402.741226,150433023084.8026,-1383263761.8468215,-36447.60678011681,7183.133148325666,-2161.793224043775
0.0,-26586173485.957615,150419506373.2403,-1379199689.5933793,-36449.48692636892,7193.691385279056,-2161.895825093748
0.0,-26595155353.808754,150421283219.06754,-1379733599.9443476,-36449.2400280566,7192.307777680553,-2161.8828538127887
0.0,-26488926488.120758,150400306618.00732,-1373437824.0275009,-36452.14559753222,7208.679904133554,-2162.0396270219026
0.0,-26594262193.667404,150421107297.48346,-1379681628.7153363,-36449.26434672334,7192.446210365169,-2161.8833262637004
0.0,-26528520696.23172,150408129372.97766,-1375784190.2283022,-36451.06391180716,7202.576442672762,-2161.981585055608
0.0,-26589053569.88859,150420077027.28998,-1379371784.8373513,-36449.40738359043,7193.248788761258,-2161.8922787657684
0.0,-26530059034.880817,150408436222.212,-1375877081.5825524,-36451.02164547796,7202.338444864859,-2161.9779748579613
0.0,-26560871218.442173,150414518260.02985,-1377701488.8493788,-36450.17916376293,7197.588945823965,-2161.933547225986
0.0,-26595752313.750122,150421398483.88882,-1379769320.8208716,-36449.22401738066,7192.2158117443205,-2161.882536048188
0.0,-26560592265.766804,150414466444.17456,-1377686072.8071346,-36450.18620841556,7197.632272945825,-2161.934359417781
0.0,-26538140364.681328,150410031218.10492,-1376355483.4515336,-36450.800228633445,7201.095406560555,-2161.9676701337485
0.0,-26551150083.656414,150412597169.6355,-1377124956.263957,-36450.44514160345,7199.088829076621,-2161.9478639042504
0.0,-26556007025.757275,150413557351.6835,-1377413005.174976,-36450.3123067148,7198.339074558586,-2161.9403726551086
0.0,-26577477838.8967,150417794311.77975,-1378685660.3584983,-36449.72433029524,7195.03218514833,-2161.9086593095894
0.0,-26577264610.878544,150417754596.13492,-1378674391.7483282,-36449.72972364078,7195.06574957888,-2161.9080028427393
0.0,-26605810974.357418,150423389462.47174,-1380367421.7649763,-36448.947477611015,7190.665575195294,-2161.866087648533
0.0,-26633740351.76705,150428888921.79816,-1382020017.1775823,-36448.18234337894,7186.3647365725255,-2161.82529682956
0.0,-26570658814.653145,150416452878.2026,-1378283224.1558216,-36449.91084351256,7196.0809189659285,-2161.9177877961824
0.0,-26546051936.378677,150411594539.6323,-1376824421.962236,-36450.58372650277,7199.876137497089,-2161.954796203425
